"uid","namedLocation","domainID","siteID","plotID","date","editedDate","individualID","patchOrIndividual","canopyPosition","plantStatus","stemDiameter","measurementHeight","maxCanopyDiameter","ninetyCanopyDiameter","patchSize","percentCover","height","diseaseType","samplingProtocolVersion","measuredBy","recordedBy","remarks","dataQF"
"2263ac52-61a2-4405-bb32-9e59ec8c754e","OSBS_045.phenology.phe","D03","OSBS","OSBS_045","2014-09-22","2015-03-12","NEON.PLA.D03.OSBS.06032","Individual","Mostly shaded","live",NA,NA,0.6,0.4,NA,NA,0.4,"",NA,"qwd4SsQjkwojVAYuvLRi2I6c493EEc9K","w/KL6MXJXvQ9p4XzhV28GG2D83wW5unkeKKvBIBIGMI=",NA,NA
"6dc1e8c8-642d-487d-a7e9-110094557938","OSBS_045.phenology.phe","D03","OSBS","OSBS_045","2014-09-22","2015-03-12","NEON.PLA.D03.OSBS.06009","Individual","Full shade","live",NA,NA,0.6,0.5,NA,NA,0.4,"",NA,"qwd4SsQjkwojVAYuvLRi2I6c493EEc9K","w/KL6MXJXvQ9p4XzhV28GG2D83wW5unkeKKvBIBIGMI=",NA,NA
"782c57bc-fb29-4a2a-8822-6c9cadd51645","OSBS_045.phenology.phe","D03","OSBS","OSBS_045","2014-09-22","2015-03-12","NEON.PLA.D03.OSBS.06036","Individual","Open Grown","live",1.6,130,0.7,0.7,NA,NA,2,"insect",NA,"qwd4SsQjkwojVAYuvLRi2I6c493EEc9K","w/KL6MXJXvQ9p4XzhV28GG2D83wW5unkeKKvBIBIGMI=",NA,NA
"4bfe2476-7626-4d19-ad54-1b8b9c4da12e","OSBS_045.phenology.phe","D03","OSBS","OSBS_045","2014-09-22","2015-03-12","NEON.PLA.D03.OSBS.06028","Individual","Partially shaded","live",12,130,3.3,2.9,NA,NA,9,"",NA,"qwd4SsQjkwojVAYuvLRi2I6c493EEc9K","w/KL6MXJXvQ9p4XzhV28GG2D83wW5unkeKKvBIBIGMI=",NA,NA
"ea578269-c58a-43b9-9396-9fa9e54bc9fa","OSBS_045.phenology.phe","D03","OSBS","OSBS_045","2014-09-22","2015-03-12","NEON.PLA.D03.OSBS.06043","Individual","Mostly shaded","live",NA,NA,1.1,0.9,NA,NA,0.5,"",NA,"qwd4SsQjkwojVAYuvLRi2I6c493EEc9K","w/KL6MXJXvQ9p4XzhV28GG2D83wW5unkeKKvBIBIGMI=",NA,NA
"3f4d75d3-2e2b-44f9-97a0-c06975ead17f","OSBS_045.phenology.phe","D03","OSBS","OSBS_045","2014-09-22","2015-03-12","NEON.PLA.D03.OSBS.06052","Individual","Partially shaded","live",20,130,8.1,5.1,NA,NA,11.2,"",NA,"qwd4SsQjkwojVAYuvLRi2I6c493EEc9K","w/KL6MXJXvQ9p4XzhV28GG2D83wW5unkeKKvBIBIGMI=",NA,NA
"b1ac91c5-1c85-44e4-a97e-eba6ba0f2e0d","OSBS_045.phenology.phe","D03","OSBS","OSBS_045","2014-09-22","2015-03-12","NEON.PLA.D03.OSBS.06048","Individual","Full sun","live",24,130,8.9,8.8,NA,NA,11.1,"",NA,"qwd4SsQjkwojVAYuvLRi2I6c493EEc9K","w/KL6MXJXvQ9p4XzhV28GG2D83wW5unkeKKvBIBIGMI=",NA,NA
"f8212d1b-a252-408a-a3de-8489eb25f4b3","OSBS_045.phenology.phe","D03","OSBS","OSBS_045","2014-09-22","2015-03-12","NEON.PLA.D03.OSBS.06021","Individual","Full sun","live",47,130,12.7,12,NA,NA,14.2,"",NA,"qwd4SsQjkwojVAYuvLRi2I6c493EEc9K","w/KL6MXJXvQ9p4XzhV28GG2D83wW5unkeKKvBIBIGMI=",NA,NA
"b6d6d36f-b525-474c-b691-40aaf513b702","OSBS_045.phenology.phe","D03","OSBS","OSBS_045","2014-09-22","2015-03-12","NEON.PLA.D03.OSBS.06026","Individual","Full shade","live",NA,NA,1,1,NA,NA,0.5,"",NA,"qwd4SsQjkwojVAYuvLRi2I6c493EEc9K","w/KL6MXJXvQ9p4XzhV28GG2D83wW5unkeKKvBIBIGMI=",NA,NA
"14bfda6e-1cb3-4a21-ae01-eef106b2f254","OSBS_045.phenology.phe","D03","OSBS","OSBS_045","2014-09-22","2015-03-12","NEON.PLA.D03.OSBS.06064","Individual","Open Grown","live",7,130,2.8,1.3,NA,NA,5.8,"",NA,"qwd4SsQjkwojVAYuvLRi2I6c493EEc9K","w/KL6MXJXvQ9p4XzhV28GG2D83wW5unkeKKvBIBIGMI=",NA,NA
"88fabae7-1b55-4eda-a08f-f785134de785","OSBS_045.phenology.phe","D03","OSBS","OSBS_045","2014-09-22","2015-03-12","NEON.PLA.D03.OSBS.06008","Individual","Full sun","live",29.5,130,11.2,9.3,NA,NA,9.9,"",NA,"qwd4SsQjkwojVAYuvLRi2I6c493EEc9K","w/KL6MXJXvQ9p4XzhV28GG2D83wW5unkeKKvBIBIGMI=",NA,NA
"b579f28c-6976-4d93-bd68-790ebb17f71d","OSBS_045.phenology.phe","D03","OSBS","OSBS_045","2014-09-22","2015-03-12","NEON.PLA.D03.OSBS.06046","Individual","Open Grown","live",37,130,13.5,10.2,NA,NA,12.8,"",NA,"qwd4SsQjkwojVAYuvLRi2I6c493EEc9K","w/KL6MXJXvQ9p4XzhV28GG2D83wW5unkeKKvBIBIGMI=",NA,NA
"2e02b0ff-dfee-43f0-b892-e299607b60bd","OSBS_045.phenology.phe","D03","OSBS","OSBS_045","2014-09-22","2015-03-12","NEON.PLA.D03.OSBS.06056","Individual","Full shade","live",NA,NA,0.9,0.9,NA,NA,0.5,"",NA,"qwd4SsQjkwojVAYuvLRi2I6c493EEc9K","w/KL6MXJXvQ9p4XzhV28GG2D83wW5unkeKKvBIBIGMI=",NA,NA
"9146a5c2-95a1-4b5b-bc88-ba709d922408","OSBS_045.phenology.phe","D03","OSBS","OSBS_045","2014-09-22","2015-03-12","NEON.PLA.D03.OSBS.06040","Individual","Full sun","live",2.5,10,0.6,0.5,NA,NA,1.4,"",NA,"qwd4SsQjkwojVAYuvLRi2I6c493EEc9K","w/KL6MXJXvQ9p4XzhV28GG2D83wW5unkeKKvBIBIGMI=",NA,NA
"e43428a8-e2e8-4ec3-b4ad-05fd722fa46a","OSBS_045.phenology.phe","D03","OSBS","OSBS_045","2014-09-22","2015-03-12","NEON.PLA.D03.OSBS.06050","Individual","Open Grown","live",20,130,4.9,4,NA,NA,13.5,"",NA,"qwd4SsQjkwojVAYuvLRi2I6c493EEc9K","w/KL6MXJXvQ9p4XzhV28GG2D83wW5unkeKKvBIBIGMI=",NA,NA
"ff9a3bb5-068a-4da4-9a62-069427bcd3bd","OSBS_045.phenology.phe","D03","OSBS","OSBS_045","2014-09-22","2015-03-12","NEON.PLA.D03.OSBS.06006","Individual","Full shade","live",NA,NA,0.7,0.6,NA,NA,0.5,"",NA,"qwd4SsQjkwojVAYuvLRi2I6c493EEc9K","w/KL6MXJXvQ9p4XzhV28GG2D83wW5unkeKKvBIBIGMI=",NA,NA
"c15137bd-9b46-4931-9b1b-810281c252ba","OSBS_045.phenology.phe","D03","OSBS","OSBS_045","2014-09-22","2015-03-12","NEON.PLA.D03.OSBS.06011","Individual","Mostly shaded","live",23,130,8.3,6.3,NA,NA,11.9,"",NA,"qwd4SsQjkwojVAYuvLRi2I6c493EEc9K","w/KL6MXJXvQ9p4XzhV28GG2D83wW5unkeKKvBIBIGMI=",NA,NA
"5fd94f33-94f9-4b8a-809d-17c65676b547","OSBS_045.phenology.phe","D03","OSBS","OSBS_045","2014-09-22","2015-03-12","NEON.PLA.D03.OSBS.06020","Individual","Mostly shaded","live",3.8,130,1,1,NA,NA,3.1,"",NA,"qwd4SsQjkwojVAYuvLRi2I6c493EEc9K","w/KL6MXJXvQ9p4XzhV28GG2D83wW5unkeKKvBIBIGMI=",NA,NA
"609c6fbf-3e78-4376-aa54-f71f059f1f00","OSBS_045.phenology.phe","D03","OSBS","OSBS_045","2014-09-22","2015-03-12","NEON.PLA.D03.OSBS.06005","Individual","Partially shaded","live",10,130,3.1,2.5,NA,NA,7.5,"",NA,"qwd4SsQjkwojVAYuvLRi2I6c493EEc9K","w/KL6MXJXvQ9p4XzhV28GG2D83wW5unkeKKvBIBIGMI=",NA,NA
"dd1e2a6c-19ae-405f-87da-0a93590efafa","OSBS_045.phenology.phe","D03","OSBS","OSBS_045","2014-09-22","2015-03-12","NEON.PLA.D03.OSBS.06014","Individual","Full shade","live",3.8,10,6.2,3.6,NA,NA,1,"",NA,"qwd4SsQjkwojVAYuvLRi2I6c493EEc9K","w/KL6MXJXvQ9p4XzhV28GG2D83wW5unkeKKvBIBIGMI=",NA,NA
"1d714cc7-e418-4e71-8796-1d3414857de9","OSBS_045.phenology.phe","D03","OSBS","OSBS_045","2014-09-22","2015-03-12","NEON.PLA.D03.OSBS.06013","Individual","Partially shaded","live",1.5,130,0.7,0.7,NA,NA,7.5,"",NA,"qwd4SsQjkwojVAYuvLRi2I6c493EEc9K","w/KL6MXJXvQ9p4XzhV28GG2D83wW5unkeKKvBIBIGMI=",NA,NA
"7914f600-cb8e-4598-b488-e297ed09a11d","OSBS_045.phenology.phe","D03","OSBS","OSBS_045","2014-09-22","2015-03-12","NEON.PLA.D03.OSBS.06017","Individual","Full shade","live",8.5,130,3.1,2.4,NA,NA,4.8,"",NA,"qwd4SsQjkwojVAYuvLRi2I6c493EEc9K","w/KL6MXJXvQ9p4XzhV28GG2D83wW5unkeKKvBIBIGMI=",NA,NA
"2657eb1c-47a7-4e7b-a4b8-db82ec52e453","OSBS_045.phenology.phe","D03","OSBS","OSBS_045","2014-09-22","2015-03-12","NEON.PLA.D03.OSBS.06016","Individual","Partially shaded","live",13,130,3.7,2.4,NA,NA,12.5,"",NA,"qwd4SsQjkwojVAYuvLRi2I6c493EEc9K","w/KL6MXJXvQ9p4XzhV28GG2D83wW5unkeKKvBIBIGMI=",NA,NA
"5dd8f586-2900-4015-a120-72d199d1d160","OSBS_045.phenology.phe","D03","OSBS","OSBS_045","2014-09-22","2015-03-12","NEON.PLA.D03.OSBS.06015","Individual","Full shade","live",NA,NA,0.9,0.8,NA,NA,0.4,"",NA,"qwd4SsQjkwojVAYuvLRi2I6c493EEc9K","w/KL6MXJXvQ9p4XzhV28GG2D83wW5unkeKKvBIBIGMI=",NA,NA
"472f6738-018c-43e3-be95-ca01f6dd9580","OSBS_045.phenology.phe","D03","OSBS","OSBS_045","2014-09-22","2015-03-12","NEON.PLA.D03.OSBS.06019","Individual","Mostly shaded","live",NA,NA,0.9,0.9,NA,NA,0.5,"",NA,"qwd4SsQjkwojVAYuvLRi2I6c493EEc9K","w/KL6MXJXvQ9p4XzhV28GG2D83wW5unkeKKvBIBIGMI=",NA,NA
"fa356b5b-d7b7-428e-be50-26d09119809b","OSBS_045.phenology.phe","D03","OSBS","OSBS_045","2014-09-22","2015-03-12","NEON.PLA.D03.OSBS.06018","Individual","Mostly shaded","live",NA,NA,0.6,0.6,NA,NA,0.4,"",NA,"qwd4SsQjkwojVAYuvLRi2I6c493EEc9K","w/KL6MXJXvQ9p4XzhV28GG2D83wW5unkeKKvBIBIGMI=",NA,NA
"c8cf019f-5f29-4093-8c0a-485b7cfeeb9f","OSBS_045.phenology.phe","D03","OSBS","OSBS_045","2014-09-22","2015-03-12","NEON.PLA.D03.OSBS.06079","Individual","Full shade","live",NA,NA,1,0.8,NA,NA,0.3,"",NA,"qwd4SsQjkwojVAYuvLRi2I6c493EEc9K","w/KL6MXJXvQ9p4XzhV28GG2D83wW5unkeKKvBIBIGMI=",NA,NA
"ef825429-a9f0-44c3-a2e5-a2e024aa4e77","OSBS_045.phenology.phe","D03","OSBS","OSBS_045","2014-09-22","2015-03-12","NEON.PLA.D03.OSBS.06085","Individual","Mostly shaded","live",8,130,2.3,2.1,NA,NA,9,"",NA,"qwd4SsQjkwojVAYuvLRi2I6c493EEc9K","w/KL6MXJXvQ9p4XzhV28GG2D83wW5unkeKKvBIBIGMI=",NA,NA
"84d04d1b-f69d-4be7-a70b-554e16b2ffc9","OSBS_045.phenology.phe","D03","OSBS","OSBS_045","2014-09-22","2015-03-12","NEON.PLA.D03.OSBS.06082","Individual","Partially shaded","live",26.5,130,7.6,6.2,NA,NA,10.3,"",NA,"qwd4SsQjkwojVAYuvLRi2I6c493EEc9K","w/KL6MXJXvQ9p4XzhV28GG2D83wW5unkeKKvBIBIGMI=",NA,NA
"361153bf-cf5f-46da-9c25-51d71cd36b70","OSBS_045.phenology.phe","D03","OSBS","OSBS_045","2014-09-22","2015-03-12","NEON.PLA.D03.OSBS.06084","Individual","Partially shaded","live",30,130,8.8,8.7,NA,NA,10.4,"",NA,"qwd4SsQjkwojVAYuvLRi2I6c493EEc9K","w/KL6MXJXvQ9p4XzhV28GG2D83wW5unkeKKvBIBIGMI=",NA,NA
"382cbff6-4069-4713-8e7f-7577b1048f9c","OSBS_045.phenology.phe","D03","OSBS","OSBS_045","2014-09-22","2015-03-12","NEON.PLA.D03.OSBS.06053","Individual","Partially shaded","live",26,130,2.9,2,NA,NA,9.9,"insect",NA,"qwd4SsQjkwojVAYuvLRi2I6c493EEc9K","w/KL6MXJXvQ9p4XzhV28GG2D83wW5unkeKKvBIBIGMI=",NA,NA
"5a1a605b-b89e-40ee-b6c4-ff5eb66f4788","OSBS_045.phenology.phe","D03","OSBS","OSBS_045","2014-09-22","2015-03-12","NEON.PLA.D03.OSBS.06075","Individual","Partially shaded","live",14,130,3,2.8,NA,NA,8.3,"",NA,"qwd4SsQjkwojVAYuvLRi2I6c493EEc9K","w/KL6MXJXvQ9p4XzhV28GG2D83wW5unkeKKvBIBIGMI=",NA,NA
"bf2e0d9f-aeb5-498d-a217-bbe7218e3cda","OSBS_045.phenology.phe","D03","OSBS","OSBS_045","2014-09-22","2015-03-12","NEON.PLA.D03.OSBS.06078","Individual","Full shade","live",NA,NA,0.6,0.5,NA,NA,0.3,"",NA,"qwd4SsQjkwojVAYuvLRi2I6c493EEc9K","w/KL6MXJXvQ9p4XzhV28GG2D83wW5unkeKKvBIBIGMI=",NA,NA
"fd453796-46b7-49e8-986d-c875e4751446","OSBS_045.phenology.phe","D03","OSBS","OSBS_045","2014-09-22","2015-03-12","NEON.PLA.D03.OSBS.06058","Individual","Full shade","live",1.5,130,1,0.7,NA,NA,2,"",NA,"qwd4SsQjkwojVAYuvLRi2I6c493EEc9K","w/KL6MXJXvQ9p4XzhV28GG2D83wW5unkeKKvBIBIGMI=",NA,NA
"e3d24163-7e5c-4fe4-9c3a-181d07892468","OSBS_045.phenology.phe","D03","OSBS","OSBS_045","2014-09-22","2015-03-12","NEON.PLA.D03.OSBS.06060","Individual","Mostly shaded","live",4,10,0.8,0.8,NA,NA,0.9,"",NA,"qwd4SsQjkwojVAYuvLRi2I6c493EEc9K","w/KL6MXJXvQ9p4XzhV28GG2D83wW5unkeKKvBIBIGMI=",NA,NA
"112ebae3-4df7-46db-87a4-d0d424b5db88","OSBS_045.phenology.phe","D03","OSBS","OSBS_045","2014-09-22","2015-03-12","NEON.PLA.D03.OSBS.06090","Individual","Full shade","live",NA,NA,0.4,0.3,NA,NA,0.5,"",NA,"qwd4SsQjkwojVAYuvLRi2I6c493EEc9K","w/KL6MXJXvQ9p4XzhV28GG2D83wW5unkeKKvBIBIGMI=",NA,NA
"0dae8d09-9b39-4974-a0d3-f653e238b443","OSBS_045.phenology.phe","D03","OSBS","OSBS_045","2014-09-22","2015-03-12","NEON.PLA.D03.OSBS.06083","Individual","Mostly shaded","live",NA,NA,0.8,0.7,NA,NA,0.4,"",NA,"qwd4SsQjkwojVAYuvLRi2I6c493EEc9K","w/KL6MXJXvQ9p4XzhV28GG2D83wW5unkeKKvBIBIGMI=",NA,NA
"6e1219c3-9bd9-4c09-a287-2b7c252ad6bc","OSBS_045.phenology.phe","D03","OSBS","OSBS_045","2014-09-22","2015-03-12","NEON.PLA.D03.OSBS.06074","Individual","Partially shaded","live",19.5,130,5.9,3.8,NA,NA,9.4,"",NA,"qwd4SsQjkwojVAYuvLRi2I6c493EEc9K","w/KL6MXJXvQ9p4XzhV28GG2D83wW5unkeKKvBIBIGMI=",NA,NA
"61f11111-d63c-4865-a198-045215a7cc10","OSBS_045.phenology.phe","D03","OSBS","OSBS_045","2014-09-22","2015-03-12","NEON.PLA.D03.OSBS.06081","Individual","Mostly shaded","live",21,130,3,2.7,NA,NA,7.3,"",NA,"qwd4SsQjkwojVAYuvLRi2I6c493EEc9K","w/KL6MXJXvQ9p4XzhV28GG2D83wW5unkeKKvBIBIGMI=",NA,NA
"363a27f2-a1b7-43c3-a74a-79fa611b70e8","OSBS_045.phenology.phe","D03","OSBS","OSBS_045","2014-09-22","2015-03-12","NEON.PLA.D03.OSBS.06003","Individual","Full shade","live",NA,NA,1.1,0.8,NA,NA,0.5,"",NA,"qwd4SsQjkwojVAYuvLRi2I6c493EEc9K","w/KL6MXJXvQ9p4XzhV28GG2D83wW5unkeKKvBIBIGMI=",NA,NA
"3ac562c0-6c9e-4343-b406-f668b0383dec","OSBS_045.phenology.phe","D03","OSBS","OSBS_045","2014-09-22","2015-03-12","NEON.PLA.D03.OSBS.06070","Individual","Full shade","live",NA,NA,0.8,0.6,NA,NA,0.3,"",NA,"qwd4SsQjkwojVAYuvLRi2I6c493EEc9K","w/KL6MXJXvQ9p4XzhV28GG2D83wW5unkeKKvBIBIGMI=",NA,NA
"0720b52a-f23a-417b-92e6-49ee26fc1037","OSBS_045.phenology.phe","D03","OSBS","OSBS_045","2014-09-22","2015-03-12","NEON.PLA.D03.OSBS.06057","Individual","Full sun","live",46,130,14.6,11.3,NA,NA,15.1,"",NA,"qwd4SsQjkwojVAYuvLRi2I6c493EEc9K","w/KL6MXJXvQ9p4XzhV28GG2D83wW5unkeKKvBIBIGMI=",NA,NA
"fb93666d-a97c-4f14-974a-f8177069c942","OSBS_045.phenology.phe","D03","OSBS","OSBS_045","2014-09-22","2015-03-12","NEON.PLA.D03.OSBS.06069","Individual","Full shade","live",NA,NA,0.7,0.5,NA,NA,0.5,"",NA,"qwd4SsQjkwojVAYuvLRi2I6c493EEc9K","w/KL6MXJXvQ9p4XzhV28GG2D83wW5unkeKKvBIBIGMI=",NA,NA
"67be8ba8-0c4a-4e29-934a-fe7a23e3cf79","OSBS_045.phenology.phe","D03","OSBS","OSBS_045","2014-09-22","2015-03-12","NEON.PLA.D03.OSBS.06001","Individual","Open Grown","live",3.8,10,0.8,0.7,NA,NA,1.2,"",NA,"qwd4SsQjkwojVAYuvLRi2I6c493EEc9K","w/KL6MXJXvQ9p4XzhV28GG2D83wW5unkeKKvBIBIGMI=",NA,NA
"662968e9-3b52-4286-aec6-7b45a7797ea1","OSBS_045.phenology.phe","D03","OSBS","OSBS_045","2014-09-22","2015-03-12","NEON.PLA.D03.OSBS.06076","Individual","Partially shaded","live",18.5,130,6.6,5.8,NA,NA,8.3,"",NA,"qwd4SsQjkwojVAYuvLRi2I6c493EEc9K","w/KL6MXJXvQ9p4XzhV28GG2D83wW5unkeKKvBIBIGMI=",NA,NA
"caf7ed7b-2035-4965-9c12-143d13658b26","OSBS_045.phenology.phe","D03","OSBS","OSBS_045","2014-09-22","2015-03-12","NEON.PLA.D03.OSBS.06002","Individual","Partially shaded","live",1.9,130,1.1,0.9,NA,NA,2,"",NA,"qwd4SsQjkwojVAYuvLRi2I6c493EEc9K","w/KL6MXJXvQ9p4XzhV28GG2D83wW5unkeKKvBIBIGMI=",NA,NA
"c8476f7e-6d61-4c99-84b1-3dc41e2dfe9d","OSBS_045.phenology.phe","D03","OSBS","OSBS_045","2014-09-22","2015-03-12","NEON.PLA.D03.OSBS.06072","Individual","Partially shaded","live",31,130,9.8,7.5,NA,NA,11,"",NA,"qwd4SsQjkwojVAYuvLRi2I6c493EEc9K","w/KL6MXJXvQ9p4XzhV28GG2D83wW5unkeKKvBIBIGMI=",NA,NA
"59471d4c-9e73-460f-8942-603310b04258","OSBS_045.phenology.phe","D03","OSBS","OSBS_045","2014-09-22","2015-03-12","NEON.PLA.D03.OSBS.06086","Individual","Mostly shaded","live",19,130,8,4.7,NA,NA,9.1,"",NA,"qwd4SsQjkwojVAYuvLRi2I6c493EEc9K","w/KL6MXJXvQ9p4XzhV28GG2D83wW5unkeKKvBIBIGMI=",NA,NA
"8cad0410-bde3-419e-bf48-effae959bc1d","OSBS_045.phenology.phe","D03","OSBS","OSBS_045","2014-09-22","2015-03-12","NEON.PLA.D03.OSBS.06059","Individual","Full shade","live",NA,NA,1,0.9,NA,NA,0.8,"",NA,"qwd4SsQjkwojVAYuvLRi2I6c493EEc9K","w/KL6MXJXvQ9p4XzhV28GG2D83wW5unkeKKvBIBIGMI=",NA,NA
"c408a005-c657-4d21-8c42-422f4f2ddb41","OSBS_045.phenology.phe","D03","OSBS","OSBS_045","2014-09-22","2015-03-12","NEON.PLA.D03.OSBS.06088","Individual","Full sun","live",17,130,4.4,4.3,NA,NA,14.2,"",NA,"qwd4SsQjkwojVAYuvLRi2I6c493EEc9K","w/KL6MXJXvQ9p4XzhV28GG2D83wW5unkeKKvBIBIGMI=",NA,NA
"e5d88754-471c-4877-b38d-41c169de9fbd","OSBS_045.phenology.phe","D03","OSBS","OSBS_045","2014-09-22","2015-03-12","NEON.PLA.D03.OSBS.06087","Individual","Full shade","live",NA,NA,0.8,0.6,NA,NA,0.4,"",NA,"qwd4SsQjkwojVAYuvLRi2I6c493EEc9K","w/KL6MXJXvQ9p4XzhV28GG2D83wW5unkeKKvBIBIGMI=",NA,NA
"065c9089-455f-4890-9e9f-9f88058c2fc8","OSBS_045.phenology.phe","D03","OSBS","OSBS_045","2014-09-22","2015-03-12","NEON.PLA.D03.OSBS.06077","Individual","Partially shaded","live",20,130,6.8,4.5,NA,NA,9.3,"",NA,"qwd4SsQjkwojVAYuvLRi2I6c493EEc9K","w/KL6MXJXvQ9p4XzhV28GG2D83wW5unkeKKvBIBIGMI=",NA,NA
"2eed65d5-4be8-49bb-b937-dca56fd98e8d","OSBS_045.phenology.phe","D03","OSBS","OSBS_045","2014-09-22","2015-03-12","NEON.PLA.D03.OSBS.06073","Individual","Full shade","live",NA,NA,1.2,1.1,NA,NA,0.4,"",NA,"qwd4SsQjkwojVAYuvLRi2I6c493EEc9K","w/KL6MXJXvQ9p4XzhV28GG2D83wW5unkeKKvBIBIGMI=",NA,NA
"ec6c7861-4ea7-4a7f-afc1-59e403d29198","OSBS_045.phenology.phe","D03","OSBS","OSBS_045","2014-09-22","2015-03-12","NEON.PLA.D03.OSBS.06089","Individual","Mostly shaded","live",5,130,2.8,2.7,NA,NA,4.4,"",NA,"qwd4SsQjkwojVAYuvLRi2I6c493EEc9K","w/KL6MXJXvQ9p4XzhV28GG2D83wW5unkeKKvBIBIGMI=",NA,NA
"e6e3163e-75ca-4e6e-ac82-c45b62a5f23e","OSBS_045.phenology.phe","D03","OSBS","OSBS_045","2014-09-22","2015-03-12","NEON.PLA.D03.OSBS.06080","Individual","Open Grown","live",42,130,10.4,9.9,NA,NA,15,"",NA,"qwd4SsQjkwojVAYuvLRi2I6c493EEc9K","w/KL6MXJXvQ9p4XzhV28GG2D83wW5unkeKKvBIBIGMI=",NA,NA
"6d7d674b-f164-4bb8-95f5-4802122184d3","OSBS_045.phenology.phe","D03","OSBS","OSBS_045","2014-09-22","2015-03-12","NEON.PLA.D03.OSBS.06004","Individual","Full shade","live",8,130,4,2.7,NA,NA,5.1,"",NA,"qwd4SsQjkwojVAYuvLRi2I6c493EEc9K","w/KL6MXJXvQ9p4XzhV28GG2D83wW5unkeKKvBIBIGMI=",NA,NA
"ce114bef-9b38-4967-b43a-c582ce647205","OSBS_045.phenology.phe","D03","OSBS","OSBS_045","2014-09-22","2015-03-12","NEON.PLA.D03.OSBS.06071","Individual","Partially shaded","live",10,130,3.1,2.7,NA,NA,9.5,"",NA,"qwd4SsQjkwojVAYuvLRi2I6c493EEc9K","w/KL6MXJXvQ9p4XzhV28GG2D83wW5unkeKKvBIBIGMI=",NA,NA
"925e0d3e-7d45-4771-a082-fb98d91dfcee","OSBS_045.phenology.phe","D03","OSBS","OSBS_045","2014-09-22","2015-03-12","NEON.PLA.D03.OSBS.06033","Individual","Partially shaded","live",34,130,11.4,9,NA,NA,13.6,"",NA,"qwd4SsQjkwojVAYuvLRi2I6c493EEc9K","w/KL6MXJXvQ9p4XzhV28GG2D83wW5unkeKKvBIBIGMI=",NA,NA
"fa1b4d4f-670f-44a1-8011-7432a94803b4","OSBS_045.phenology.phe","D03","OSBS","OSBS_045","2014-09-22","2015-03-12","NEON.PLA.D03.OSBS.06062","Individual","Full shade","live",NA,NA,1.1,1,NA,NA,0.4,"",NA,"qwd4SsQjkwojVAYuvLRi2I6c493EEc9K","w/KL6MXJXvQ9p4XzhV28GG2D83wW5unkeKKvBIBIGMI=",NA,NA
"243261b5-a412-43fc-9da8-4ec15a3d6cf6","OSBS_045.phenology.phe","D03","OSBS","OSBS_045","2014-09-22","2015-03-12","NEON.PLA.D03.OSBS.06061","Individual","Mostly shaded","live",9.5,130,4,2.2,NA,NA,4.5,"",NA,"qwd4SsQjkwojVAYuvLRi2I6c493EEc9K","w/KL6MXJXvQ9p4XzhV28GG2D83wW5unkeKKvBIBIGMI=",NA,NA
"2d175cca-ad1b-44b7-8480-210762cc69e7","OSBS_045.phenology.phe","D03","OSBS","OSBS_045","2014-09-22","2015-03-12","NEON.PLA.D03.OSBS.06025","Individual","Partially shaded","live",32,130,8.6,6.7,NA,NA,14.8,"",NA,"qwd4SsQjkwojVAYuvLRi2I6c493EEc9K","w/KL6MXJXvQ9p4XzhV28GG2D83wW5unkeKKvBIBIGMI=",NA,NA
"982e944e-8859-4fe2-a576-9f7c09a6ddd2","OSBS_045.phenology.phe","D03","OSBS","OSBS_045","2014-09-22","2015-03-12","NEON.PLA.D03.OSBS.06041","Individual","Full shade","live",3.2,10,0.7,0.6,NA,NA,0.9,"",NA,"qwd4SsQjkwojVAYuvLRi2I6c493EEc9K","w/KL6MXJXvQ9p4XzhV28GG2D83wW5unkeKKvBIBIGMI=",NA,NA
"ad6557f7-276d-4578-9884-8004b9b20885","OSBS_045.phenology.phe","D03","OSBS","OSBS_045","2014-09-22","2015-03-12","NEON.PLA.D03.OSBS.06049","Individual","Full shade","live",NA,NA,1.2,1.2,NA,NA,0.4,"",NA,"qwd4SsQjkwojVAYuvLRi2I6c493EEc9K","w/KL6MXJXvQ9p4XzhV28GG2D83wW5unkeKKvBIBIGMI=",NA,NA
"78cca805-7d33-4afd-8eef-e1f63bb7674c","OSBS_045.phenology.phe","D03","OSBS","OSBS_045","2014-09-22","2015-03-12","NEON.PLA.D03.OSBS.06051","Individual","Mostly shaded","live",3,10,0.5,0.5,NA,NA,1.9,"",NA,"qwd4SsQjkwojVAYuvLRi2I6c493EEc9K","w/KL6MXJXvQ9p4XzhV28GG2D83wW5unkeKKvBIBIGMI=",NA,NA
"2dfb944e-79b4-438a-82da-2537f138a525","OSBS_045.phenology.phe","D03","OSBS","OSBS_045","2014-09-22","2015-03-12","NEON.PLA.D03.OSBS.06030","Individual","Full shade","live",NA,NA,0.8,0.8,NA,NA,0.3,"",NA,"qwd4SsQjkwojVAYuvLRi2I6c493EEc9K","w/KL6MXJXvQ9p4XzhV28GG2D83wW5unkeKKvBIBIGMI=",NA,NA
"f58d9d46-e3f0-4a69-9290-7cd35fd37496","OSBS_045.phenology.phe","D03","OSBS","OSBS_045","2014-09-22","2015-03-12","NEON.PLA.D03.OSBS.06024","Individual","Partially shaded","live",14,130,3,2.1,NA,NA,10.9,"",NA,"qwd4SsQjkwojVAYuvLRi2I6c493EEc9K","w/KL6MXJXvQ9p4XzhV28GG2D83wW5unkeKKvBIBIGMI=",NA,NA
"016b9a3e-2917-4861-ab72-f08e4c42b39f","OSBS_045.phenology.phe","D03","OSBS","OSBS_045","2014-09-22","2015-03-12","NEON.PLA.D03.OSBS.06054","Individual","Full shade","live",NA,NA,1.1,0.9,NA,NA,0.3,"",NA,"qwd4SsQjkwojVAYuvLRi2I6c493EEc9K","w/KL6MXJXvQ9p4XzhV28GG2D83wW5unkeKKvBIBIGMI=",NA,NA
"eef60b0a-1907-45b5-a4d6-7ebeb128c468","OSBS_045.phenology.phe","D03","OSBS","OSBS_045","2014-09-22","2015-03-12","NEON.PLA.D03.OSBS.06022","Individual","Mostly shaded","live",NA,NA,0.6,0.5,NA,NA,0.5,"",NA,"qwd4SsQjkwojVAYuvLRi2I6c493EEc9K","w/KL6MXJXvQ9p4XzhV28GG2D83wW5unkeKKvBIBIGMI=",NA,NA
"63b238d5-39a1-4433-9a76-a0ac5c8b3509","OSBS_045.phenology.phe","D03","OSBS","OSBS_045","2014-09-22","2015-03-12","NEON.PLA.D03.OSBS.06012","Individual","Mostly shaded","live",NA,NA,0.7,0.7,NA,NA,0.5,"",NA,"qwd4SsQjkwojVAYuvLRi2I6c493EEc9K","w/KL6MXJXvQ9p4XzhV28GG2D83wW5unkeKKvBIBIGMI=",NA,NA
"7e8c2151-a930-436e-a908-c79200bf9e03","OSBS_045.phenology.phe","D03","OSBS","OSBS_045","2014-09-22","2015-03-12","NEON.PLA.D03.OSBS.06063","Individual","Partially shaded","live",48,130,16.4,15.1,NA,NA,16.5,"",NA,"qwd4SsQjkwojVAYuvLRi2I6c493EEc9K","w/KL6MXJXvQ9p4XzhV28GG2D83wW5unkeKKvBIBIGMI=",NA,NA
"95a17708-60a0-4e3e-acc3-50de4d3c0273","OSBS_045.phenology.phe","D03","OSBS","OSBS_045","2014-09-22","2015-03-12","NEON.PLA.D03.OSBS.06023","Individual","Mostly shaded","live",1.8,130,0.8,0.8,NA,NA,2,"",NA,"qwd4SsQjkwojVAYuvLRi2I6c493EEc9K","w/KL6MXJXvQ9p4XzhV28GG2D83wW5unkeKKvBIBIGMI=",NA,NA
"bf605ea2-5aee-4675-9bf5-cf556d1d7f83","OSBS_045.phenology.phe","D03","OSBS","OSBS_045","2014-09-22","2015-03-12","NEON.PLA.D03.OSBS.06067","Individual","Partially shaded","live",13,130,4,3.3,NA,NA,10.7,"",NA,"qwd4SsQjkwojVAYuvLRi2I6c493EEc9K","w/KL6MXJXvQ9p4XzhV28GG2D83wW5unkeKKvBIBIGMI=",NA,NA
"ef20bbb8-6f3b-4aaf-ad9f-2f6bb7092696","OSBS_045.phenology.phe","D03","OSBS","OSBS_045","2014-09-22","2015-03-12","NEON.PLA.D03.OSBS.06010","Individual","Full sun","live",3.3,130,7.4,6.8,NA,NA,15.5,"",NA,"qwd4SsQjkwojVAYuvLRi2I6c493EEc9K","w/KL6MXJXvQ9p4XzhV28GG2D83wW5unkeKKvBIBIGMI=",NA,NA
"ef13f5e0-7700-4ccf-85cc-b76f3ef2d7de","OSBS_045.phenology.phe","D03","OSBS","OSBS_045","2014-09-22","2015-03-12","NEON.PLA.D03.OSBS.06034","Individual","","live",NA,NA,0.9,0.8,NA,NA,0.5,"",NA,"qwd4SsQjkwojVAYuvLRi2I6c493EEc9K","w/KL6MXJXvQ9p4XzhV28GG2D83wW5unkeKKvBIBIGMI=",NA,NA
"46698c15-7e12-41f7-9ad8-5095141cdc5b","OSBS_045.phenology.phe","D03","OSBS","OSBS_045","2014-09-22","2015-03-12","NEON.PLA.D03.OSBS.06007","Individual","Mostly shaded","live",6,130,2.5,2.2,NA,NA,6.4,"",NA,"qwd4SsQjkwojVAYuvLRi2I6c493EEc9K","w/KL6MXJXvQ9p4XzhV28GG2D83wW5unkeKKvBIBIGMI=",NA,NA
"dc782b4b-a4ae-4051-baf1-839f691ae675","OSBS_045.phenology.phe","D03","OSBS","OSBS_045","2014-09-22","2015-03-12","NEON.PLA.D03.OSBS.06044","Individual","Mostly shaded","live",4.3,130,1.5,0.9,NA,NA,3.1,"",NA,"qwd4SsQjkwojVAYuvLRi2I6c493EEc9K","w/KL6MXJXvQ9p4XzhV28GG2D83wW5unkeKKvBIBIGMI=",NA,NA
"b85a41fa-e0ff-4ebe-9c76-7336530f2880","OSBS_045.phenology.phe","D03","OSBS","OSBS_045","2014-09-22","2015-03-12","NEON.PLA.D03.OSBS.06055","Individual","Mostly shaded","live",22,130,5.5,4.5,NA,NA,15.2,"",NA,"qwd4SsQjkwojVAYuvLRi2I6c493EEc9K","w/KL6MXJXvQ9p4XzhV28GG2D83wW5unkeKKvBIBIGMI=",NA,NA
"dc2d2bb0-4ce8-41b5-b95e-9851b0edaa4d","OSBS_045.phenology.phe","D03","OSBS","OSBS_045","2014-09-22","2015-03-12","NEON.PLA.D03.OSBS.06045","Individual","Partially shaded","live",17.5,130,4.6,3.8,NA,NA,9.7,"",NA,"qwd4SsQjkwojVAYuvLRi2I6c493EEc9K","w/KL6MXJXvQ9p4XzhV28GG2D83wW5unkeKKvBIBIGMI=",NA,NA
"adb62bfa-baab-4fb4-8a37-38995e78d7c1","OSBS_045.phenology.phe","D03","OSBS","OSBS_045","2014-09-22","2015-03-12","NEON.PLA.D03.OSBS.06027","Individual","Full sun","live",19,130,5.5,4.4,NA,NA,11.9,"",NA,"qwd4SsQjkwojVAYuvLRi2I6c493EEc9K","w/KL6MXJXvQ9p4XzhV28GG2D83wW5unkeKKvBIBIGMI=",NA,NA
"357b775c-8cde-40aa-905e-6083855842a8","OSBS_045.phenology.phe","D03","OSBS","OSBS_045","2014-09-22","2015-03-12","NEON.PLA.D03.OSBS.06037","Individual","Partially shaded","live",36,130,10.1,9.8,NA,NA,12.2,"",NA,"qwd4SsQjkwojVAYuvLRi2I6c493EEc9K","w/KL6MXJXvQ9p4XzhV28GG2D83wW5unkeKKvBIBIGMI=",NA,NA
"3c4d2e07-fd0f-4d07-9d61-d62714a9fd76","OSBS_045.phenology.phe","D03","OSBS","OSBS_045","2014-09-22","2015-03-12","NEON.PLA.D03.OSBS.06039","Individual","Partially shaded","live",15,130,4.6,3.3,NA,NA,11.7,"",NA,"qwd4SsQjkwojVAYuvLRi2I6c493EEc9K","w/KL6MXJXvQ9p4XzhV28GG2D83wW5unkeKKvBIBIGMI=",NA,NA
"afab2f32-1cf5-4105-b08c-e3cab56f44f9","OSBS_045.phenology.phe","D03","OSBS","OSBS_045","2014-09-22","2015-03-12","NEON.PLA.D03.OSBS.06029","Individual","Full shade","live",1.6,130,1,0.8,NA,NA,2.1,"",NA,"qwd4SsQjkwojVAYuvLRi2I6c493EEc9K","w/KL6MXJXvQ9p4XzhV28GG2D83wW5unkeKKvBIBIGMI=",NA,NA
"a919aed9-d28a-48a7-be7e-dadf99dc559c","OSBS_045.phenology.phe","D03","OSBS","OSBS_045","2014-09-22","2015-03-12","NEON.PLA.D03.OSBS.06035","Individual","Open Grown","live",47,130,11.3,10.1,NA,NA,17.7,"",NA,"qwd4SsQjkwojVAYuvLRi2I6c493EEc9K","w/KL6MXJXvQ9p4XzhV28GG2D83wW5unkeKKvBIBIGMI=",NA,NA
"a375ce0e-80c1-4b16-9539-b219bb8f5515","OSBS_045.phenology.phe","D03","OSBS","OSBS_045","2014-09-22","2015-03-12","NEON.PLA.D03.OSBS.06068","Individual","Mostly shaded","live",7,130,2.1,1.6,NA,NA,7.5,"",NA,"qwd4SsQjkwojVAYuvLRi2I6c493EEc9K","w/KL6MXJXvQ9p4XzhV28GG2D83wW5unkeKKvBIBIGMI=",NA,NA
"567481ad-4f95-4948-91ab-aae446b5c3ea","OSBS_045.phenology.phe","D03","OSBS","OSBS_045","2014-09-22","2015-03-12","NEON.PLA.D03.OSBS.06042","Individual","Full shade","live",NA,NA,1.1,1.1,NA,NA,0.6,"",NA,"qwd4SsQjkwojVAYuvLRi2I6c493EEc9K","w/KL6MXJXvQ9p4XzhV28GG2D83wW5unkeKKvBIBIGMI=",NA,NA
"76c55f63-2dad-40cc-ace6-93255358623f","OSBS_045.phenology.phe","D03","OSBS","OSBS_045","2014-09-22","2015-03-12","NEON.PLA.D03.OSBS.06031","Individual","Mostly shaded","live",2.8,130,1.3,0.9,NA,NA,2.4,"",NA,"qwd4SsQjkwojVAYuvLRi2I6c493EEc9K","w/KL6MXJXvQ9p4XzhV28GG2D83wW5unkeKKvBIBIGMI=",NA,NA
"b702f77e-52a7-458c-a57f-f2bae97c027a","OSBS_045.phenology.phe","D03","OSBS","OSBS_045","2014-09-22","2015-03-12","NEON.PLA.D03.OSBS.06038","Individual","Full shade","live",NA,NA,1.2,1.1,NA,NA,0.5,"",NA,"qwd4SsQjkwojVAYuvLRi2I6c493EEc9K","w/KL6MXJXvQ9p4XzhV28GG2D83wW5unkeKKvBIBIGMI=",NA,NA
"b329e0fc-ebec-48ab-95f9-e7e4d5dc42be","OSBS_045.phenology.phe","D03","OSBS","OSBS_045","2014-09-22","2015-03-12","NEON.PLA.D03.OSBS.06066","Individual","Open Grown","live",37,130,9.6,9,NA,NA,14.9,"",NA,"qwd4SsQjkwojVAYuvLRi2I6c493EEc9K","w/KL6MXJXvQ9p4XzhV28GG2D83wW5unkeKKvBIBIGMI=",NA,NA
"d172ed6e-588a-4f80-9cb7-86b06cd93056","OSBS_045.phenology.phe","D03","OSBS","OSBS_045","2014-09-22","2015-03-12","NEON.PLA.D03.OSBS.06065","Individual","Mostly shaded","live",NA,NA,0.5,0.4,NA,NA,0.3,"",NA,"qwd4SsQjkwojVAYuvLRi2I6c493EEc9K","w/KL6MXJXvQ9p4XzhV28GG2D83wW5unkeKKvBIBIGMI=",NA,NA
"e6238af0-f295-4782-a64c-0fde86699517","OSBS_045.phenology.phe","D03","OSBS","OSBS_045","2014-09-22","2015-03-12","NEON.PLA.D03.OSBS.06047","Individual","Full shade","live",NA,NA,1,0.9,NA,NA,0.4,"",NA,"qwd4SsQjkwojVAYuvLRi2I6c493EEc9K","w/KL6MXJXvQ9p4XzhV28GG2D83wW5unkeKKvBIBIGMI=",NA,NA
"4f308966-ee18-4ce1-9fa3-dc23a47043fd","OSBS_045.phenology.phe","D03","OSBS","OSBS_045","2018-09-27","2017-08-07","NEON.PLA.D03.OSBS.06080","Individual","Full sun","Live",42.3,130,10.8,9.8,NA,NA,17.1,NA,"NEON.DOC.014040vH","YK5ulgcjQA5R7y4cKoPJR4j3Fle/NLuF4bqgrxO8ID4=","q+sogNxuTpaaq3nt4H3feKdAxSnPr68l","",NA
"5457e613-849c-478c-873b-cfe84d826e70","OSBS_045.phenology.phe","D03","OSBS","OSBS_045","2018-09-27","2013-09-19","NEON.PLA.D03.OSBS.06060","Individual","Mostly shaded","Live",5.3,10,0.8,0.7,NA,NA,1.3,NA,"NEON.DOC.014040vH","YK5ulgcjQA5R7y4cKoPJR4j3Fle/NLuF4bqgrxO8ID4=","q+sogNxuTpaaq3nt4H3feKdAxSnPr68l","",NA
"fef62926-0847-47b0-a29c-eff1235db297","OSBS_045.phenology.phe","D03","OSBS","OSBS_045","2018-09-27","2017-08-01","NEON.PLA.D03.OSBS.06030","Individual","Mostly shaded","Live",NA,NA,1,0.7,NA,NA,0.4,NA,"NEON.DOC.014040vH","YK5ulgcjQA5R7y4cKoPJR4j3Fle/NLuF4bqgrxO8ID4=","q+sogNxuTpaaq3nt4H3feKdAxSnPr68l","",NA
"8a672f86-afbf-434f-8138-544b4b66d62d","OSBS_045.phenology.phe","D03","OSBS","OSBS_045","2018-09-27","2017-08-07","NEON.PLA.D03.OSBS.06067","Individual","Partially shaded","Live",13.4,130,5.1,2.3,NA,NA,11,NA,"NEON.DOC.014040vH","YK5ulgcjQA5R7y4cKoPJR4j3Fle/NLuF4bqgrxO8ID4=","q+sogNxuTpaaq3nt4H3feKdAxSnPr68l","",NA
"a5a87bb7-e002-418f-80c0-e8bc0d4e02fe","OSBS_045.phenology.phe","D03","OSBS","OSBS_045","2018-09-27","2013-09-19","NEON.PLA.D03.OSBS.06046","Individual","Full sun","Live",37.4,130,12.8,10.6,NA,NA,15.4,NA,"NEON.DOC.014040vH","YK5ulgcjQA5R7y4cKoPJR4j3Fle/NLuF4bqgrxO8ID4=","q+sogNxuTpaaq3nt4H3feKdAxSnPr68l","",NA
"5c7c743d-9a32-4949-9266-7903ff786bc8","OSBS_045.phenology.phe","D03","OSBS","OSBS_045","2018-09-27","2018-07-03","NEON.PLA.D03.OSBS.06422","Individual","Partially shaded","Live, insect damaged",9.4,130,1.1,1.1,NA,NA,8.2,NA,"NEON.DOC.014040vH","YK5ulgcjQA5R7y4cKoPJR4j3Fle/NLuF4bqgrxO8ID4=","q+sogNxuTpaaq3nt4H3feKdAxSnPr68l","",NA
"6f9d3c6d-8e7b-4b5f-b39e-05d5c241d322","OSBS_045.phenology.phe","D03","OSBS","OSBS_045","2018-09-27","2017-08-07","NEON.PLA.D03.OSBS.06048","Individual","Partially shaded","Live",25.6,130,9.7,8.2,NA,NA,10.8,NA,"NEON.DOC.014040vH","YK5ulgcjQA5R7y4cKoPJR4j3Fle/NLuF4bqgrxO8ID4=","q+sogNxuTpaaq3nt4H3feKdAxSnPr68l","",NA
"cf7ee3f7-3f99-41a3-af6a-c042b96acd7c","OSBS_045.phenology.phe","D03","OSBS","OSBS_045","2018-09-27","2017-08-07","NEON.PLA.D03.OSBS.06039","Individual","Full sun","Live",16.6,130,5.3,4.8,NA,NA,13.6,NA,"NEON.DOC.014040vH","YK5ulgcjQA5R7y4cKoPJR4j3Fle/NLuF4bqgrxO8ID4=","q+sogNxuTpaaq3nt4H3feKdAxSnPr68l","",NA
"3ec4490e-9a8c-4ab8-8695-ff3319464024","OSBS_045.phenology.phe","D03","OSBS","OSBS_045","2018-09-27","2013-09-19","NEON.PLA.D03.OSBS.06045","Individual","Partially shaded","Live",18.9,130,6.8,6.1,NA,NA,9.3,NA,"NEON.DOC.014040vH","YK5ulgcjQA5R7y4cKoPJR4j3Fle/NLuF4bqgrxO8ID4=","q+sogNxuTpaaq3nt4H3feKdAxSnPr68l","",NA
"9732dfe5-99dc-457c-b435-a6599433b1ba","OSBS_045.phenology.phe","D03","OSBS","OSBS_045","2018-09-27","2018-07-03","NEON.PLA.D03.OSBS.06423","Individual","Partially shaded","Live",28.4,130,9.8,6,NA,NA,11.4,NA,"NEON.DOC.014040vH","YK5ulgcjQA5R7y4cKoPJR4j3Fle/NLuF4bqgrxO8ID4=","q+sogNxuTpaaq3nt4H3feKdAxSnPr68l","",NA
"d784a932-4ec4-4287-ad40-1c939d019703","OSBS_045.phenology.phe","D03","OSBS","OSBS_045","2018-09-27","2017-08-01","NEON.PLA.D03.OSBS.03857","Individual","","",15.7,130,4.9,3.6,NA,NA,10.3,NA,"NEON.DOC.014040vH","YK5ulgcjQA5R7y4cKoPJR4j3Fle/NLuF4bqgrxO8ID4=","q+sogNxuTpaaq3nt4H3feKdAxSnPr68l","",NA
"c947fa5e-0aa3-492e-8f92-5634d7da7f6d","OSBS_045.phenology.phe","D03","OSBS","OSBS_045","2018-09-27","2017-08-01","NEON.PLA.D03.OSBS.06010","Individual","Full sun","Live",33.7,130,7.7,6.8,NA,NA,16,NA,"NEON.DOC.014040vH","YK5ulgcjQA5R7y4cKoPJR4j3Fle/NLuF4bqgrxO8ID4=","q+sogNxuTpaaq3nt4H3feKdAxSnPr68l","",NA
"3e3e6ccb-ba89-4847-8341-b39860d15e16","OSBS_045.phenology.phe","D03","OSBS","OSBS_045","2018-09-27","2013-09-19","NEON.PLA.D03.OSBS.06077","Individual","Partially shaded","Live",22.1,130,7.3,4.5,NA,NA,16.2,NA,"NEON.DOC.014040vH","YK5ulgcjQA5R7y4cKoPJR4j3Fle/NLuF4bqgrxO8ID4=","q+sogNxuTpaaq3nt4H3feKdAxSnPr68l","",NA
"26d6db22-4c71-49d3-b946-bf5a60d70d35","OSBS_045.phenology.phe","D03","OSBS","OSBS_045","2018-09-27","2017-08-07","NEON.PLA.D03.OSBS.06038","Individual","Partially shaded","Live",NA,NA,0.9,0.9,NA,NA,0.5,NA,"NEON.DOC.014040vH","YK5ulgcjQA5R7y4cKoPJR4j3Fle/NLuF4bqgrxO8ID4=","q+sogNxuTpaaq3nt4H3feKdAxSnPr68l","",NA
"7cd5ee30-9c84-4bf6-b2d7-0da4f02af019","OSBS_045.phenology.phe","D03","OSBS","OSBS_045","2018-09-27","2017-08-07","NEON.PLA.D03.OSBS.06369","Individual","Partially shaded","Live",4.1,130,1.3,0.6,NA,NA,3.3,NA,"NEON.DOC.014040vH","YK5ulgcjQA5R7y4cKoPJR4j3Fle/NLuF4bqgrxO8ID4=","q+sogNxuTpaaq3nt4H3feKdAxSnPr68l","",NA
"c7d40667-4842-4b1f-9589-971cd5813829","OSBS_045.phenology.phe","D03","OSBS","OSBS_045","2018-09-27","2013-09-19","NEON.PLA.D03.OSBS.06036","Individual","Partially shaded","Live",2.5,130,1,0.8,NA,NA,2.2,NA,"NEON.DOC.014040vH","YK5ulgcjQA5R7y4cKoPJR4j3Fle/NLuF4bqgrxO8ID4=","q+sogNxuTpaaq3nt4H3feKdAxSnPr68l","",NA
"60973a8a-4123-4359-8f17-80cdb849f5ae","OSBS_045.phenology.phe","D03","OSBS","OSBS_045","2018-09-27","2017-08-07","NEON.PLA.D03.OSBS.06358","Individual","Full sun","Live, disease damaged",11.6,130,4.2,2.7,NA,NA,11.9,NA,"NEON.DOC.014040vH","YK5ulgcjQA5R7y4cKoPJR4j3Fle/NLuF4bqgrxO8ID4=","q+sogNxuTpaaq3nt4H3feKdAxSnPr68l","",NA
"8da5015e-53b0-4fac-830a-aebf60437436","OSBS_045.phenology.phe","D03","OSBS","OSBS_045","2018-09-27","2018-09-27","NEON.PLA.D03.OSBS.06378","Individual","Full sun","Live, insect damaged",15.8,130,6.6,4.9,NA,NA,9.5,NA,"NEON.DOC.014040vH","YK5ulgcjQA5R7y4cKoPJR4j3Fle/NLuF4bqgrxO8ID4=","q+sogNxuTpaaq3nt4H3feKdAxSnPr68l","",NA
"8a4e476e-fb4c-45f0-ab45-0b8e712721f2","OSBS_045.phenology.phe","D03","OSBS","OSBS_045","2018-09-27","2017-08-07","NEON.PLA.D03.OSBS.06079","Individual","Partially shaded","Live",NA,NA,1,0.9,NA,NA,0.4,NA,"NEON.DOC.014040vH","YK5ulgcjQA5R7y4cKoPJR4j3Fle/NLuF4bqgrxO8ID4=","q+sogNxuTpaaq3nt4H3feKdAxSnPr68l","",NA
"61cde9f7-a95c-449e-854c-cb5253ef0e03","OSBS_045.phenology.phe","D03","OSBS","OSBS_045","2018-09-27","2017-08-07","NEON.PLA.D03.OSBS.06044","Individual","Mostly shaded","Live",7,130,1.6,1.6,NA,NA,5.4,NA,"NEON.DOC.014040vH","YK5ulgcjQA5R7y4cKoPJR4j3Fle/NLuF4bqgrxO8ID4=","q+sogNxuTpaaq3nt4H3feKdAxSnPr68l","",NA
"65b46746-12eb-44a3-aa75-718e117482bd","OSBS_045.phenology.phe","D03","OSBS","OSBS_045","2018-09-27","2017-08-07","NEON.PLA.D03.OSBS.06040","Individual","Partially shaded","Live, disease damaged",3.4,10,0.7,0.6,NA,NA,1.8,NA,"NEON.DOC.014040vH","YK5ulgcjQA5R7y4cKoPJR4j3Fle/NLuF4bqgrxO8ID4=","q+sogNxuTpaaq3nt4H3feKdAxSnPr68l","",NA
"e30849f1-74f6-4a81-93b3-bf668c12ebc0","OSBS_045.phenology.phe","D03","OSBS","OSBS_045","2018-09-27","2017-08-07","NEON.PLA.D03.OSBS.06088","Individual","Full sun","Live",21.5,130,6.9,6.8,NA,NA,14.8,NA,"NEON.DOC.014040vH","YK5ulgcjQA5R7y4cKoPJR4j3Fle/NLuF4bqgrxO8ID4=","q+sogNxuTpaaq3nt4H3feKdAxSnPr68l","",NA
"9526e773-d4f4-4cb1-8285-6f831b46dff0","OSBS_045.phenology.phe","D03","OSBS","OSBS_045","2018-09-27","2017-08-07","NEON.PLA.D03.OSBS.06085","Individual","Partially shaded","Live, disease damaged",8,130,2.4,1,NA,NA,10.7,NA,"NEON.DOC.014040vH","YK5ulgcjQA5R7y4cKoPJR4j3Fle/NLuF4bqgrxO8ID4=","q+sogNxuTpaaq3nt4H3feKdAxSnPr68l","",NA
"85361110-59c3-4588-9834-d8cecaefd729","OSBS_045.phenology.phe","D03","OSBS","OSBS_045","2018-09-27","2017-08-07","NEON.PLA.D03.OSBS.06050","Individual","Partially shaded","Live",20.6,130,5.4,3.6,NA,NA,14.8,NA,"NEON.DOC.014040vH","YK5ulgcjQA5R7y4cKoPJR4j3Fle/NLuF4bqgrxO8ID4=","q+sogNxuTpaaq3nt4H3feKdAxSnPr68l","",NA
"18564e41-6e24-42e3-b67a-fcff29554a9b","OSBS_045.phenology.phe","D03","OSBS","OSBS_045","2018-09-27","2017-08-07","NEON.PLA.D03.OSBS.06352","Individual","Partially shaded","Live",NA,NA,0.8,0.7,NA,NA,0.5,NA,"NEON.DOC.014040vH","YK5ulgcjQA5R7y4cKoPJR4j3Fle/NLuF4bqgrxO8ID4=","q+sogNxuTpaaq3nt4H3feKdAxSnPr68l","",NA
"78154f3d-e4c4-4fee-9964-04ad85193370","OSBS_045.phenology.phe","D03","OSBS","OSBS_045","2018-09-27","2017-08-07","NEON.PLA.D03.OSBS.06357","Individual","Full sun","Live",3.1,130,1.1,0.8,NA,NA,2.8,NA,"NEON.DOC.014040vH","YK5ulgcjQA5R7y4cKoPJR4j3Fle/NLuF4bqgrxO8ID4=","q+sogNxuTpaaq3nt4H3feKdAxSnPr68l","",NA
"6ce99957-b220-49a8-bec5-5cc2eec60950","OSBS_045.phenology.phe","D03","OSBS","OSBS_045","2018-09-27","2017-08-01","NEON.PLA.D03.OSBS.06035","Individual","Full sun","Live, disease damaged",48,130,12.6,9.4,NA,NA,17.1,NA,"NEON.DOC.014040vH","YK5ulgcjQA5R7y4cKoPJR4j3Fle/NLuF4bqgrxO8ID4=","q+sogNxuTpaaq3nt4H3feKdAxSnPr68l","",NA
"c5f720ce-9944-4042-9b3f-5cf373ede50f","OSBS_045.phenology.phe","D03","OSBS","OSBS_045","2018-09-27","2017-08-07","NEON.PLA.D03.OSBS.06049","Individual","Partially shaded","Live",NA,NA,1.2,1,NA,NA,0.3,NA,"NEON.DOC.014040vH","YK5ulgcjQA5R7y4cKoPJR4j3Fle/NLuF4bqgrxO8ID4=","q+sogNxuTpaaq3nt4H3feKdAxSnPr68l","",NA
"9b3aa24e-2245-4ccd-9166-258966fefcab","OSBS_045.phenology.phe","D03","OSBS","OSBS_045","2018-09-27","2013-09-19","NEON.PLA.D03.OSBS.06037","Individual","Partially shaded","Live",37.2,130,12.2,8.9,NA,NA,11.4,NA,"NEON.DOC.014040vH","YK5ulgcjQA5R7y4cKoPJR4j3Fle/NLuF4bqgrxO8ID4=","q+sogNxuTpaaq3nt4H3feKdAxSnPr68l","",NA
"1468ebdd-57d2-4669-b91b-c0cfc878805f","OSBS_045.phenology.phe","D03","OSBS","OSBS_045","2018-09-27","2017-08-07","NEON.PLA.D03.OSBS.06069","Individual","Mostly shaded","Live",NA,NA,0.9,0.7,NA,NA,0.4,NA,"NEON.DOC.014040vH","YK5ulgcjQA5R7y4cKoPJR4j3Fle/NLuF4bqgrxO8ID4=","q+sogNxuTpaaq3nt4H3feKdAxSnPr68l","",NA
"5e8e066e-c716-45e9-8576-faee7f072041","OSBS_045.phenology.phe","D03","OSBS","OSBS_045","2018-09-27","2017-08-01","NEON.PLA.D03.OSBS.06027","Individual","Full sun","Live, insect damaged",19.4,130,5.6,5.1,NA,NA,12.7,NA,"NEON.DOC.014040vH","YK5ulgcjQA5R7y4cKoPJR4j3Fle/NLuF4bqgrxO8ID4=","q+sogNxuTpaaq3nt4H3feKdAxSnPr68l","",NA
"4a50fd26-40d3-4b79-bb5d-c8b6b7e72dc4","OSBS_045.phenology.phe","D03","OSBS","OSBS_045","2018-09-27","2017-08-07","NEON.PLA.D03.OSBS.06332","Individual","Partially shaded","Live, insect damaged",4.3,10,0.8,0.6,NA,NA,1.5,NA,"NEON.DOC.014040vH","YK5ulgcjQA5R7y4cKoPJR4j3Fle/NLuF4bqgrxO8ID4=","q+sogNxuTpaaq3nt4H3feKdAxSnPr68l","",NA
"5f568ffe-f5d0-4fb7-bd4f-f58df2660703","OSBS_045.phenology.phe","D03","OSBS","OSBS_045","2018-09-27","2017-08-01","NEON.PLA.D03.OSBS.06005","Individual","Partially shaded","Live, insect damaged",11.5,130,2.2,1.4,NA,NA,9.4,NA,"NEON.DOC.014040vH","YK5ulgcjQA5R7y4cKoPJR4j3Fle/NLuF4bqgrxO8ID4=","q+sogNxuTpaaq3nt4H3feKdAxSnPr68l","",NA
"1d92f5ba-868e-46c0-a9bc-ddc1fa623a12","OSBS_045.phenology.phe","D03","OSBS","OSBS_045","2018-09-27","2016-11-03","NEON.PLA.D03.OSBS.06384","Individual","Full sun","Live",22.5,140,9,4.6,NA,NA,8.8,NA,"NEON.DOC.014040vH","YK5ulgcjQA5R7y4cKoPJR4j3Fle/NLuF4bqgrxO8ID4=","q+sogNxuTpaaq3nt4H3feKdAxSnPr68l","",NA
"392d3087-ed77-4d99-8b10-5eeaeaac9928","OSBS_045.phenology.phe","D03","OSBS","OSBS_045","2018-09-27","2013-09-19","NEON.PLA.D03.OSBS.06075","Individual","Partially shaded","Live",14.7,130,4.8,3.8,NA,NA,12.7,NA,"NEON.DOC.014040vH","YK5ulgcjQA5R7y4cKoPJR4j3Fle/NLuF4bqgrxO8ID4=","q+sogNxuTpaaq3nt4H3feKdAxSnPr68l","",NA
"1c075986-1a2c-410e-a07e-a31dc1cfcba9","OSBS_045.phenology.phe","D03","OSBS","OSBS_045","2018-09-27","2017-08-01","NEON.PLA.D03.OSBS.06026","Individual","Mostly shaded","Live",NA,NA,1,0.8,NA,NA,0.3,NA,"NEON.DOC.014040vH","YK5ulgcjQA5R7y4cKoPJR4j3Fle/NLuF4bqgrxO8ID4=","q+sogNxuTpaaq3nt4H3feKdAxSnPr68l","",NA
"788b1071-4989-44ef-ac2c-dc51962351a7","OSBS_045.phenology.phe","D03","OSBS","OSBS_045","2018-09-27","2017-08-01","NEON.PLA.D03.OSBS.06011","Individual","Partially shaded","Live, physically damaged",23.6,130,7.3,6.4,NA,NA,12.5,NA,"NEON.DOC.014040vH","YK5ulgcjQA5R7y4cKoPJR4j3Fle/NLuF4bqgrxO8ID4=","q+sogNxuTpaaq3nt4H3feKdAxSnPr68l","",NA
"6246e08c-ff12-4a97-b22b-83158ec46288","OSBS_045.phenology.phe","D03","OSBS","OSBS_045","2018-09-27","2017-08-01","NEON.PLA.D03.OSBS.06021","Individual","Full sun","Live",48.4,130,14.2,13.5,NA,NA,20.5,NA,"NEON.DOC.014040vH","YK5ulgcjQA5R7y4cKoPJR4j3Fle/NLuF4bqgrxO8ID4=","q+sogNxuTpaaq3nt4H3feKdAxSnPr68l","",NA
"c69e43f6-2b20-41ea-967d-5fab5ebdb560","OSBS_045.phenology.phe","D03","OSBS","OSBS_045","2018-09-27","2017-08-01","NEON.PLA.D03.OSBS.06019","Individual","Partially shaded","Live",NA,NA,0.9,0.9,NA,NA,0.6,NA,"NEON.DOC.014040vH","YK5ulgcjQA5R7y4cKoPJR4j3Fle/NLuF4bqgrxO8ID4=","q+sogNxuTpaaq3nt4H3feKdAxSnPr68l","",NA
"b2a16a53-866f-4f1f-adda-5252528ffd00","OSBS_045.phenology.phe","D03","OSBS","OSBS_045","2018-09-27","2017-08-07","NEON.PLA.D03.OSBS.06042","Individual","Partially shaded","Live",NA,NA,1.1,0.9,NA,NA,0.7,NA,"NEON.DOC.014040vH","YK5ulgcjQA5R7y4cKoPJR4j3Fle/NLuF4bqgrxO8ID4=","q+sogNxuTpaaq3nt4H3feKdAxSnPr68l","",NA
"cfd340ac-3360-4317-9d54-af1dcb349d67","OSBS_045.phenology.phe","D03","OSBS","OSBS_045","2018-09-27","2018-07-03","NEON.PLA.D03.OSBS.06428","Individual","Partially shaded","Live, disease damaged",18.4,130,7.5,7.4,NA,NA,10.7,NA,"NEON.DOC.014040vH","YK5ulgcjQA5R7y4cKoPJR4j3Fle/NLuF4bqgrxO8ID4=","q+sogNxuTpaaq3nt4H3feKdAxSnPr68l","",NA
"703868c8-3c46-4c11-8697-30d7027eaa12","OSBS_045.phenology.phe","D03","OSBS","OSBS_045","2018-09-27","2017-08-01","NEON.PLA.D03.OSBS.06007","Individual","Partially shaded","Live, disease damaged",7.5,130,2.3,1.7,NA,NA,7.3,NA,"NEON.DOC.014040vH","YK5ulgcjQA5R7y4cKoPJR4j3Fle/NLuF4bqgrxO8ID4=","q+sogNxuTpaaq3nt4H3feKdAxSnPr68l","",NA
"490b31b7-fc23-4cdc-8264-8e81960dc289","OSBS_045.phenology.phe","D03","OSBS","OSBS_045","2018-09-27","2017-08-01","NEON.PLA.D03.OSBS.06023","Individual","Partially shaded","Live, disease damaged",2.6,130,0.8,0.7,NA,NA,2.3,NA,"NEON.DOC.014040vH","YK5ulgcjQA5R7y4cKoPJR4j3Fle/NLuF4bqgrxO8ID4=","q+sogNxuTpaaq3nt4H3feKdAxSnPr68l","Disease canker along most of trunk. Unable to measure diameter accurately.",NA
"6b220e82-0b56-487d-85e1-72acc3b37766","OSBS_045.phenology.phe","D03","OSBS","OSBS_045","2018-09-27","2017-08-01","NEON.PLA.D03.OSBS.06012","Individual","Mostly shaded","Live",NA,NA,0.7,0.3,NA,NA,0.3,NA,"NEON.DOC.014040vH","YK5ulgcjQA5R7y4cKoPJR4j3Fle/NLuF4bqgrxO8ID4=","q+sogNxuTpaaq3nt4H3feKdAxSnPr68l","",NA
"4ac4c5f9-eae2-4dc8-85c5-7c907128ed73","OSBS_045.phenology.phe","D03","OSBS","OSBS_045","2018-09-27","2017-08-01","NEON.PLA.D03.OSBS.06009","Individual","","",NA,NA,1.1,0.8,NA,NA,0.6,NA,"NEON.DOC.014040vH","YK5ulgcjQA5R7y4cKoPJR4j3Fle/NLuF4bqgrxO8ID4=","q+sogNxuTpaaq3nt4H3feKdAxSnPr68l","",NA
"31463a4a-5f53-47b5-8cf8-49a5ebdf2fe5","OSBS_045.phenology.phe","D03","OSBS","OSBS_045","2018-09-27","2017-10-18","NEON.PLA.D03.OSBS.06433","Individual","Partially shaded","Live, disease damaged",35.3,130,10.8,8.1,NA,NA,14.2,NA,"NEON.DOC.014040vH","YK5ulgcjQA5R7y4cKoPJR4j3Fle/NLuF4bqgrxO8ID4=","q+sogNxuTpaaq3nt4H3feKdAxSnPr68l","",NA
"46023c4d-e028-4c11-abaf-170b8178a4d5","OSBS_045.phenology.phe","D03","OSBS","OSBS_045","2018-09-27","2017-08-07","NEON.PLA.D03.OSBS.06054","Individual","Mostly shaded","Live",NA,NA,0.8,0.4,NA,NA,0.4,NA,"NEON.DOC.014040vH","YK5ulgcjQA5R7y4cKoPJR4j3Fle/NLuF4bqgrxO8ID4=","q+sogNxuTpaaq3nt4H3feKdAxSnPr68l","",NA
"4bd35923-666f-48fd-951a-4f9299b9585b","OSBS_045.phenology.phe","D03","OSBS","OSBS_045","2018-09-27","2018-09-24","NEON.PLA.D03.OSBS.06566","Individual","Full sun","Live, disease damaged",18.4,130,8.3,5.1,NA,NA,11.7,NA,"NEON.DOC.014040vH","YK5ulgcjQA5R7y4cKoPJR4j3Fle/NLuF4bqgrxO8ID4=","q+sogNxuTpaaq3nt4H3feKdAxSnPr68l","",NA
"44ebff24-7ce5-473a-b94d-f0dfd3ef42f3","OSBS_045.phenology.phe","D03","OSBS","OSBS_045","2018-09-27","2017-08-07","NEON.PLA.D03.OSBS.06041","Individual","Partially shaded","Live",3.8,130,0.7,0.6,NA,NA,3.1,NA,"NEON.DOC.014040vH","YK5ulgcjQA5R7y4cKoPJR4j3Fle/NLuF4bqgrxO8ID4=","q+sogNxuTpaaq3nt4H3feKdAxSnPr68l","",NA
"d4c3de0e-1700-41d7-85a5-68d9f020584d","OSBS_045.phenology.phe","D03","OSBS","OSBS_045","2018-09-27","2017-08-01","NEON.PLA.D03.OSBS.03382","Individual","Partially shaded","Live, insect damaged",12.8,130,3.8,2.1,NA,NA,8.9,NA,"NEON.DOC.014040vH","YK5ulgcjQA5R7y4cKoPJR4j3Fle/NLuF4bqgrxO8ID4=","q+sogNxuTpaaq3nt4H3feKdAxSnPr68l","",NA
"112ea15b-2b22-49b7-8e41-53a393878793","OSBS_045.phenology.phe","D03","OSBS","OSBS_045","2018-09-27","2017-11-20","NEON.PLA.D03.OSBS.06432","Individual","Partially shaded","Live, disease damaged",26.9,130,7.3,5.7,NA,NA,11.6,NA,"NEON.DOC.014040vH","YK5ulgcjQA5R7y4cKoPJR4j3Fle/NLuF4bqgrxO8ID4=","q+sogNxuTpaaq3nt4H3feKdAxSnPr68l","",NA
"f34e866c-e1db-4608-9b96-6e7ffc48db03","OSBS_045.phenology.phe","D03","OSBS","OSBS_045","2018-09-27","2017-08-07","NEON.PLA.D03.OSBS.06056","Individual","Mostly shaded","Live",NA,NA,0.9,0.6,NA,NA,0.4,NA,"NEON.DOC.014040vH","YK5ulgcjQA5R7y4cKoPJR4j3Fle/NLuF4bqgrxO8ID4=","q+sogNxuTpaaq3nt4H3feKdAxSnPr68l","",NA
"4f781787-1ff4-42b1-bd6a-532d0343c476","OSBS_045.phenology.phe","D03","OSBS","OSBS_045","2018-09-27","2017-08-07","NEON.PLA.D03.OSBS.06068","Individual","Partially shaded","Live, physically damaged",8,130,3.5,1.7,NA,NA,7.4,NA,"NEON.DOC.014040vH","YK5ulgcjQA5R7y4cKoPJR4j3Fle/NLuF4bqgrxO8ID4=","q+sogNxuTpaaq3nt4H3feKdAxSnPr68l","",NA
"1c23d20f-c525-4f9a-b266-d1b857bf6eea","OSBS_045.phenology.phe","D03","OSBS","OSBS_045","2018-09-27","2017-08-07","NEON.PLA.D03.OSBS.06065","Individual","Partially shaded","Live",NA,NA,0.6,0.4,NA,NA,0.4,NA,"NEON.DOC.014040vH","YK5ulgcjQA5R7y4cKoPJR4j3Fle/NLuF4bqgrxO8ID4=","q+sogNxuTpaaq3nt4H3feKdAxSnPr68l","",NA
"1c32ee3a-df16-474c-827d-41883c784c5a","OSBS_045.phenology.phe","D03","OSBS","OSBS_045","2018-09-27","2017-08-01","NEON.PLA.D03.OSBS.06025","Individual","Partially shaded","Live",31.7,130,8.3,7.4,NA,NA,15.3,NA,"NEON.DOC.014040vH","YK5ulgcjQA5R7y4cKoPJR4j3Fle/NLuF4bqgrxO8ID4=","q+sogNxuTpaaq3nt4H3feKdAxSnPr68l","",NA
"481595fe-4894-412a-8eac-2ccffab6b426","OSBS_045.phenology.phe","D03","OSBS","OSBS_045","2018-09-27","2013-09-19","NEON.PLA.D03.OSBS.06083","Individual","Partially shaded","Live",NA,NA,1.2,1,NA,NA,0.6,NA,"NEON.DOC.014040vH","YK5ulgcjQA5R7y4cKoPJR4j3Fle/NLuF4bqgrxO8ID4=","q+sogNxuTpaaq3nt4H3feKdAxSnPr68l","",NA
"5d2bbaf5-3bc6-4b27-938b-0bf70eb1634e","OSBS_045.phenology.phe","D03","OSBS","OSBS_045","2018-09-27","2017-08-01","NEON.PLA.D03.OSBS.06028","Individual","Partially shaded","Live, disease damaged",13,130,4.4,2.9,NA,NA,12,NA,"NEON.DOC.014040vH","YK5ulgcjQA5R7y4cKoPJR4j3Fle/NLuF4bqgrxO8ID4=","q+sogNxuTpaaq3nt4H3feKdAxSnPr68l","",NA
"e0bf41c0-17c9-49eb-b082-5a2ad9ff811d","OSBS_045.phenology.phe","D03","OSBS","OSBS_045","2018-09-27","2017-08-07","NEON.PLA.D03.OSBS.06363","Individual","Mostly shaded","Live, insect damaged",5,10,0.5,0.4,NA,NA,0.7,NA,"NEON.DOC.014040vH","YK5ulgcjQA5R7y4cKoPJR4j3Fle/NLuF4bqgrxO8ID4=","q+sogNxuTpaaq3nt4H3feKdAxSnPr68l","",NA
"5969c763-8e9c-4aa7-9790-53b981052436","OSBS_045.phenology.phe","D03","OSBS","OSBS_045","2018-09-27","2017-08-01","NEON.PLA.D03.OSBS.06013","Individual","Full sun","Live, insect damaged",15,150,7.1,5.6,NA,NA,7.7,NA,"NEON.DOC.014040vH","YK5ulgcjQA5R7y4cKoPJR4j3Fle/NLuF4bqgrxO8ID4=","q+sogNxuTpaaq3nt4H3feKdAxSnPr68l","",NA
"8d8295df-226b-4d61-a0a7-08da3d0471a2","OSBS_045.phenology.phe","D03","OSBS","OSBS_045","2018-09-27","2017-08-01","NEON.PLA.D03.OSBS.06022","Individual","Partially shaded","Live",NA,NA,0.8,0.7,NA,NA,0.4,NA,"NEON.DOC.014040vH","YK5ulgcjQA5R7y4cKoPJR4j3Fle/NLuF4bqgrxO8ID4=","q+sogNxuTpaaq3nt4H3feKdAxSnPr68l","",NA
"0fd1dde4-df3a-4a89-8295-84f241c4c1b0","OSBS_045.phenology.phe","D03","OSBS","OSBS_045","2018-09-27","2017-08-07","NEON.PLA.D03.OSBS.06052","Individual","Partially shaded","Live",21.2,130,7.4,6.7,NA,NA,15.3,NA,"NEON.DOC.014040vH","YK5ulgcjQA5R7y4cKoPJR4j3Fle/NLuF4bqgrxO8ID4=","q+sogNxuTpaaq3nt4H3feKdAxSnPr68l","",NA
"e4b95a99-2687-41ad-a341-776ac25b5644","OSBS_045.phenology.phe","D03","OSBS","OSBS_045","2018-09-27","2017-10-18","NEON.PLA.D03.OSBS.06385","Individual","","",24.3,130,5.9,4.5,NA,NA,11.2,NA,"NEON.DOC.014040vH","YK5ulgcjQA5R7y4cKoPJR4j3Fle/NLuF4bqgrxO8ID4=","q+sogNxuTpaaq3nt4H3feKdAxSnPr68l","",NA
"b397dff5-6003-41a5-b455-455207f32993","OSBS_045.phenology.phe","D03","OSBS","OSBS_045","2018-09-27","2017-08-07","NEON.PLA.D03.OSBS.06383","Individual","Full sun","Live, disease damaged",28.6,130,6.9,3.9,NA,NA,12.9,NA,"NEON.DOC.014040vH","YK5ulgcjQA5R7y4cKoPJR4j3Fle/NLuF4bqgrxO8ID4=","q+sogNxuTpaaq3nt4H3feKdAxSnPr68l","",NA
"ff8187f2-b71c-4518-bfa2-ee7146a4680e","OSBS_045.phenology.phe","D03","OSBS","OSBS_045","2018-09-27","2017-08-07","NEON.PLA.D03.OSBS.06066","Individual","Full sun","Live",37.6,130,12.1,9.4,NA,NA,19.2,NA,"NEON.DOC.014040vH","YK5ulgcjQA5R7y4cKoPJR4j3Fle/NLuF4bqgrxO8ID4=","q+sogNxuTpaaq3nt4H3feKdAxSnPr68l","",NA
"e9185430-5ab7-40e7-a0d4-0a1703c08303","OSBS_045.phenology.phe","D03","OSBS","OSBS_045","2018-09-27","2017-08-01","NEON.PLA.D03.OSBS.06024","Individual","Full sun","Live",15,130,4.6,4.1,NA,NA,12.1,NA,"NEON.DOC.014040vH","YK5ulgcjQA5R7y4cKoPJR4j3Fle/NLuF4bqgrxO8ID4=","q+sogNxuTpaaq3nt4H3feKdAxSnPr68l","",NA
"5759f5d2-ce3c-4cf5-82e4-25c96e6d2e65","OSBS_045.phenology.phe","D03","OSBS","OSBS_045","2018-09-27","2017-08-01","NEON.PLA.D03.OSBS.06016","Individual","Full sun","Live, insect damaged",15.9,130,4.7,3.8,NA,NA,14.7,NA,"NEON.DOC.014040vH","YK5ulgcjQA5R7y4cKoPJR4j3Fle/NLuF4bqgrxO8ID4=","q+sogNxuTpaaq3nt4H3feKdAxSnPr68l","",NA
"1d59c260-334e-4033-8c2c-4099eb60b196","OSBS_045.phenology.phe","D03","OSBS","OSBS_045","2018-09-27","2017-08-07","NEON.PLA.D03.OSBS.06090","Individual","Partially shaded","Live",NA,NA,0.2,0.2,NA,NA,0.2,NA,"NEON.DOC.014040vH","YK5ulgcjQA5R7y4cKoPJR4j3Fle/NLuF4bqgrxO8ID4=","q+sogNxuTpaaq3nt4H3feKdAxSnPr68l","",NA
"b98d0fca-e5bd-4b49-88b3-ab3f359b845b","OSBS_045.phenology.phe","D03","OSBS","OSBS_045","2018-09-27","2017-08-01","NEON.PLA.D03.OSBS.06033","Individual","Full sun","Live",34.4,130,11.4,11.1,NA,NA,14.1,NA,"NEON.DOC.014040vH","YK5ulgcjQA5R7y4cKoPJR4j3Fle/NLuF4bqgrxO8ID4=","q+sogNxuTpaaq3nt4H3feKdAxSnPr68l","",NA
"1977fc0b-343b-4600-95a1-b0dd008e7c85","OSBS_045.phenology.phe","D03","OSBS","OSBS_045","2018-09-27","2017-08-01","NEON.PLA.D03.OSBS.06032","Individual","Mostly shaded","Live",NA,NA,1,0.7,NA,NA,0.5,NA,"NEON.DOC.014040vH","YK5ulgcjQA5R7y4cKoPJR4j3Fle/NLuF4bqgrxO8ID4=","q+sogNxuTpaaq3nt4H3feKdAxSnPr68l","",NA
"5fdcf159-a331-4dcc-b19c-b5c3fab7e90b","OSBS_045.phenology.phe","D03","OSBS","OSBS_045","2018-09-27","2017-08-07","NEON.PLA.D03.OSBS.06354","Individual","Partially shaded","Live, disease damaged",28.5,130,9.7,9.6,NA,NA,11.9,NA,"NEON.DOC.014040vH","YK5ulgcjQA5R7y4cKoPJR4j3Fle/NLuF4bqgrxO8ID4=","q+sogNxuTpaaq3nt4H3feKdAxSnPr68l","",NA
"d86c89e4-ac01-45c5-852a-8bd54f453b15","OSBS_045.phenology.phe","D03","OSBS","OSBS_045","2018-09-27","2017-08-07","NEON.PLA.D03.OSBS.06356","Individual","Partially shaded","Live",4.3,130,1.8,0.9,NA,NA,4.3,NA,"NEON.DOC.014040vH","YK5ulgcjQA5R7y4cKoPJR4j3Fle/NLuF4bqgrxO8ID4=","q+sogNxuTpaaq3nt4H3feKdAxSnPr68l","",NA
"130b0872-92f4-40e2-80ae-e065ca9c623f","OSBS_045.phenology.phe","D03","OSBS","OSBS_045","2018-09-27","2017-08-01","NEON.PLA.D03.OSBS.06034","Individual","","",NA,NA,0.9,0.7,NA,NA,0.5,NA,"NEON.DOC.014040vH","YK5ulgcjQA5R7y4cKoPJR4j3Fle/NLuF4bqgrxO8ID4=","q+sogNxuTpaaq3nt4H3feKdAxSnPr68l","",NA
"76c26230-36a4-462f-9646-a3f13ed90832","OSBS_045.phenology.phe","D03","OSBS","OSBS_045","2018-09-27","2017-08-01","NEON.PLA.D03.OSBS.06018","Individual","Mostly shaded","Live",NA,NA,0.9,0.9,NA,NA,0.7,NA,"NEON.DOC.014040vH","YK5ulgcjQA5R7y4cKoPJR4j3Fle/NLuF4bqgrxO8ID4=","q+sogNxuTpaaq3nt4H3feKdAxSnPr68l","",NA
"b822c9a8-52c9-4a8a-a0a2-c5391d501660","OSBS_045.phenology.phe","D03","OSBS","OSBS_045","2018-09-27","2013-09-19","NEON.PLA.D03.OSBS.06062","Individual","Mostly shaded","Live",NA,NA,0.8,0.5,NA,NA,0.3,NA,"NEON.DOC.014040vH","YK5ulgcjQA5R7y4cKoPJR4j3Fle/NLuF4bqgrxO8ID4=","q+sogNxuTpaaq3nt4H3feKdAxSnPr68l","",NA
"fc19853c-d53f-4e05-a83d-ae35ac25c768","OSBS_045.phenology.phe","D03","OSBS","OSBS_045","2018-09-27","2017-08-07","NEON.PLA.D03.OSBS.06071","Individual","","Live",12.2,130,4.4,3.1,NA,NA,11.4,NA,"NEON.DOC.014040vH","YK5ulgcjQA5R7y4cKoPJR4j3Fle/NLuF4bqgrxO8ID4=","q+sogNxuTpaaq3nt4H3feKdAxSnPr68l","",NA
"79bd9a47-50e2-4861-a753-e7f728da4e67","OSBS_045.phenology.phe","D03","OSBS","OSBS_045","2018-09-27","2017-08-07","NEON.PLA.D03.OSBS.06059","Individual","Mostly shaded","Live",NA,NA,0.7,0.4,NA,NA,0.3,NA,"NEON.DOC.014040vH","YK5ulgcjQA5R7y4cKoPJR4j3Fle/NLuF4bqgrxO8ID4=","q+sogNxuTpaaq3nt4H3feKdAxSnPr68l","",NA
"4526691b-bfe5-47b5-a9d8-4dedfdcbb8e1","OSBS_045.phenology.phe","D03","OSBS","OSBS_045","2018-09-27","2017-08-07","NEON.PLA.D03.OSBS.06047","Individual","Partially shaded","Live",NA,NA,0.7,0.7,NA,NA,0.4,NA,"NEON.DOC.014040vH","YK5ulgcjQA5R7y4cKoPJR4j3Fle/NLuF4bqgrxO8ID4=","q+sogNxuTpaaq3nt4H3feKdAxSnPr68l","",NA
"49f04298-7560-4682-aab0-4e21fd299f01","OSBS_045.phenology.phe","D03","OSBS","OSBS_045","2018-09-27","2017-08-07","NEON.PLA.D03.OSBS.06087","Individual","Mostly shaded","Live",NA,NA,0.9,0.7,NA,NA,0.5,NA,"NEON.DOC.014040vH","YK5ulgcjQA5R7y4cKoPJR4j3Fle/NLuF4bqgrxO8ID4=","q+sogNxuTpaaq3nt4H3feKdAxSnPr68l","",NA
"862d0990-7ab9-4e53-b57c-7be80e87543a","OSBS_045.phenology.phe","D03","OSBS","OSBS_045","2018-09-27","2017-08-07","NEON.PLA.D03.OSBS.06078","Individual","Partially shaded","Live",NA,NA,0.7,0.7,NA,NA,0.4,NA,"NEON.DOC.014040vH","YK5ulgcjQA5R7y4cKoPJR4j3Fle/NLuF4bqgrxO8ID4=","q+sogNxuTpaaq3nt4H3feKdAxSnPr68l","",NA
"481f4f77-b2f8-4fb4-9be8-b755506a301d","OSBS_045.phenology.phe","D03","OSBS","OSBS_045","2018-09-27","2017-08-07","NEON.PLA.D03.OSBS.06364","Individual","Partially shaded","Live",3.7,130,1.3,1,NA,NA,3.2,NA,"NEON.DOC.014040vH","YK5ulgcjQA5R7y4cKoPJR4j3Fle/NLuF4bqgrxO8ID4=","q+sogNxuTpaaq3nt4H3feKdAxSnPr68l","",NA
"facf72a5-3a14-48c4-b27a-d90c4174e50e","OSBS_045.phenology.phe","D03","OSBS","OSBS_045","2018-09-27","2017-08-01","NEON.PLA.D03.OSBS.06015","Individual","Mostly shaded","Live",NA,NA,0.7,0.6,NA,NA,0.4,NA,"NEON.DOC.014040vH","YK5ulgcjQA5R7y4cKoPJR4j3Fle/NLuF4bqgrxO8ID4=","q+sogNxuTpaaq3nt4H3feKdAxSnPr68l","",NA
"2a43f31a-28fd-4a0b-a03e-322933cd0f23","OSBS_045.phenology.phe","D03","OSBS","OSBS_045","2018-09-27","2017-08-07","NEON.PLA.D03.OSBS.06063","Individual","Full sun","Live",49.6,130,14.9,11.5,NA,NA,16.8,NA,"NEON.DOC.014040vH","YK5ulgcjQA5R7y4cKoPJR4j3Fle/NLuF4bqgrxO8ID4=","q+sogNxuTpaaq3nt4H3feKdAxSnPr68l","",NA
"5714b759-6f24-47ff-a029-15c40d964866","OSBS_045.phenology.phe","D03","OSBS","OSBS_045","2018-09-27","2017-08-01","NEON.PLA.D03.OSBS.06003","Individual","Partially shaded","Live",NA,NA,1.1,0.8,NA,NA,0.5,NA,"NEON.DOC.014040vH","YK5ulgcjQA5R7y4cKoPJR4j3Fle/NLuF4bqgrxO8ID4=","q+sogNxuTpaaq3nt4H3feKdAxSnPr68l","",NA
"95b3f8e6-832a-4c9f-95d7-66b79af2af07","OSBS_045.phenology.phe","D03","OSBS","OSBS_045","2018-09-27","2017-08-07","NEON.PLA.D03.OSBS.06055","Individual","Partially shaded","Live",21.4,130,5.7,3.8,NA,NA,13.3,NA,"NEON.DOC.014040vH","YK5ulgcjQA5R7y4cKoPJR4j3Fle/NLuF4bqgrxO8ID4=","q+sogNxuTpaaq3nt4H3feKdAxSnPr68l","",NA
"f1f5022a-3f34-4dcc-b820-13cd93e9507e","OSBS_045.phenology.phe","D03","OSBS","OSBS_045","2018-09-27","2017-08-07","NEON.PLA.D03.OSBS.06370","Individual","","",26.7,130,9.2,4.2,NA,NA,11.8,NA,"NEON.DOC.014040vH","YK5ulgcjQA5R7y4cKoPJR4j3Fle/NLuF4bqgrxO8ID4=","q+sogNxuTpaaq3nt4H3feKdAxSnPr68l","",NA
"83b28967-5825-459a-a786-42b578c30a8a","OSBS_045.phenology.phe","D03","OSBS","OSBS_045","2018-09-27","2017-08-07","NEON.PLA.D03.OSBS.06082","Individual","Full sun","Live",26.8,130,8.9,8.1,NA,NA,11.2,NA,"NEON.DOC.014040vH","YK5ulgcjQA5R7y4cKoPJR4j3Fle/NLuF4bqgrxO8ID4=","q+sogNxuTpaaq3nt4H3feKdAxSnPr68l","",NA
"a510f7c9-7bc2-492f-859d-5f354554ba8c","OSBS_045.phenology.phe","D03","OSBS","OSBS_045","2018-09-27","2013-09-19","NEON.PLA.D03.OSBS.06043","Individual","Mostly shaded","Live",NA,NA,1.1,0.9,NA,NA,0.6,NA,"NEON.DOC.014040vH","YK5ulgcjQA5R7y4cKoPJR4j3Fle/NLuF4bqgrxO8ID4=","q+sogNxuTpaaq3nt4H3feKdAxSnPr68l","",NA
"37198eea-1656-4d4c-86b6-41f6bea82171","OSBS_045.phenology.phe","D03","OSBS","OSBS_045","2018-09-27","2017-08-07","NEON.PLA.D03.OSBS.06070","Individual","Mostly shaded","Live",NA,NA,1,1,NA,NA,0.5,NA,"NEON.DOC.014040vH","YK5ulgcjQA5R7y4cKoPJR4j3Fle/NLuF4bqgrxO8ID4=","q+sogNxuTpaaq3nt4H3feKdAxSnPr68l","",NA
"7e1f1a2a-9b84-43a5-9713-73ba09de42a8","OSBS_045.phenology.phe","D03","OSBS","OSBS_045","2018-09-27","2017-08-07","NEON.PLA.D03.OSBS.06073","Individual","Mostly shaded","Live",NA,NA,0.9,0.9,NA,NA,0.4,NA,"NEON.DOC.014040vH","YK5ulgcjQA5R7y4cKoPJR4j3Fle/NLuF4bqgrxO8ID4=","q+sogNxuTpaaq3nt4H3feKdAxSnPr68l","",NA
"88044996-2cba-4e10-85fe-c9de646c7843","OSBS_045.phenology.phe","D03","OSBS","OSBS_045","2018-09-27","2017-08-07","NEON.PLA.D03.OSBS.06084","Individual","Full sun","Live",30.6,130,11.2,9.5,NA,NA,14.5,NA,"NEON.DOC.014040vH","YK5ulgcjQA5R7y4cKoPJR4j3Fle/NLuF4bqgrxO8ID4=","q+sogNxuTpaaq3nt4H3feKdAxSnPr68l","",NA
